step,loss,lr
1,1.3973,3.3333333333333334e-08
500,1.3882,1.6666666666666667e-05
1000,1.381,3.3333333333333335e-05
1500,1.3784,5e-05
2000,1.375,6.666666666666667e-05
2500,1.3707,8.333333333333334e-05
3000,1.3665,0.0001
3500,1.353,9.983164983164983e-05
4000,1.3594,9.966329966329967e-05
4500,1.3487,9.94949494949495e-05
5000,1.3411,9.932659932659934e-05
5500,1.343,9.915824915824916e-05
6000,1.3379,9.8989898989899e-05
6500,1.3348,9.882154882154883e-05
7000,1.3298,9.865319865319865e-05
7500,1.323,9.848484848484849e-05
8000,1.3312,9.831649831649832e-05
8500,1.3116,9.814814814814815e-05
9000,1.3278,9.797979797979798e-05
9500,1.3192,9.781144781144782e-05
10000,1.3157,9.764309764309764e-05
10500,1.3142,9.747474747474747e-05
11000,1.3111,9.730639730639732e-05
11500,1.3102,9.713804713804715e-05
12000,1.3059,9.696969696969698e-05
12500,1.3018,9.68013468013468e-05
13000,1.3053,9.663299663299664e-05
13500,1.3068,9.646464646464647e-05
14000,1.2975,9.62962962962963e-05
14500,1.2962,9.612794612794614e-05
15000,1.2936,9.595959595959596e-05
15500,1.2986,9.57912457912458e-05
16000,1.2905,9.562289562289563e-05
16500,1.2903,9.545454545454546e-05
17000,1.2956,9.528619528619529e-05
17500,1.2828,9.511784511784512e-05
18000,1.2961,9.494949494949495e-05
18500,1.2853,9.478114478114478e-05
19000,1.2903,9.461279461279463e-05
19500,1.2776,9.444444444444444e-05
20000,1.2824,9.427609427609429e-05
20500,1.2853,9.410774410774412e-05
21000,1.2776,9.393939393939395e-05
21500,1.2776,9.377104377104378e-05
22000,1.2735,9.36026936026936e-05
22500,1.2795,9.343434343434344e-05
23000,1.2757,9.326599326599327e-05
23500,1.2713,9.309764309764311e-05
24000,1.2798,9.292929292929293e-05
24500,1.2584,9.276094276094277e-05
25000,1.2723,9.25925925925926e-05
25500,1.2686,9.242424242424242e-05
26000,1.2657,9.225589225589226e-05
26500,1.266,9.208754208754209e-05
27000,1.2581,9.191919191919192e-05
27500,1.2684,9.175084175084175e-05
28000,1.2554,9.15824915824916e-05
28500,1.254,9.141414141414141e-05
29000,1.2555,9.124579124579124e-05
29500,1.2698,9.107744107744109e-05
30000,1.2477,9.090909090909092e-05
30500,1.2488,9.074074074074075e-05
31000,1.2558,9.057239057239058e-05
31500,1.2517,9.040404040404041e-05
32000,1.2564,9.023569023569024e-05
32500,1.2437,9.006734006734007e-05
33000,1.2536,8.98989898989899e-05
33500,1.2617,8.973063973063973e-05
34000,1.2491,8.956228956228957e-05
34500,1.2457,8.93939393939394e-05
35000,1.2411,8.922558922558923e-05
35500,1.2364,8.905723905723906e-05
36000,1.2465,8.888888888888889e-05
36500,1.2481,8.872053872053872e-05
37000,1.2422,8.855218855218855e-05
37500,1.2434,8.83838383838384e-05
38000,1.2325,8.821548821548821e-05
38500,1.2372,8.804713804713806e-05
39000,1.2432,8.787878787878789e-05
39500,1.232,8.77104377104377e-05
40000,1.2432,8.754208754208755e-05
40500,1.2334,8.737373737373738e-05
41000,1.2407,8.720538720538721e-05
41500,1.243,8.703703703703704e-05
42000,1.2256,8.686868686868688e-05
42500,1.2384,8.67003367003367e-05
43000,1.2396,8.653198653198653e-05
43500,1.2276,8.636363636363637e-05
44000,1.2268,8.619528619528619e-05
44500,1.2341,8.602693602693603e-05
45000,1.2312,8.585858585858586e-05
45500,1.2252,8.56902356902357e-05
46000,1.2224,8.552188552188552e-05
46500,1.2283,8.535353535353535e-05
47000,1.2212,8.518518518518518e-05
47500,1.2271,8.501683501683501e-05
48000,1.2322,8.484848484848486e-05
48500,1.2275,8.468013468013468e-05
49000,1.2224,8.451178451178452e-05
49500,1.2244,8.434343434343435e-05
50000,1.224,8.417508417508418e-05
50500,1.2216,8.400673400673401e-05
51000,1.2256,8.383838383838384e-05
51500,1.2153,8.367003367003367e-05
52000,1.2236,8.35016835016835e-05
52500,1.2235,8.333333333333334e-05
53000,1.2184,8.316498316498317e-05
53500,1.2188,8.2996632996633e-05
54000,1.2221,8.282828282828283e-05
54500,1.2204,8.265993265993266e-05
55000,1.2206,8.24915824915825e-05
55500,1.2123,8.232323232323233e-05
56000,1.216,8.215488215488217e-05
56500,1.2202,8.198653198653199e-05
57000,1.2241,8.181818181818183e-05
57500,1.2233,8.164983164983166e-05
58000,1.217,8.148148148148148e-05
58500,1.2111,8.131313131313132e-05
59000,1.216,8.114478114478115e-05
59500,1.2076,8.097643097643098e-05
60000,1.2149,8.080808080808081e-05
60500,1.2188,8.063973063973065e-05
61000,1.2159,8.047138047138047e-05
61500,1.2016,8.03030303030303e-05
62000,1.2151,8.013468013468015e-05
62500,1.215,7.996632996632996e-05
63000,1.2138,7.97979797979798e-05
63500,1.2005,7.962962962962964e-05
64000,1.21,7.946127946127947e-05
64500,1.2211,7.92929292929293e-05
65000,1.2123,7.912457912457913e-05
65500,1.2118,7.895622895622896e-05
66000,1.2102,7.878787878787879e-05
66500,1.2022,7.861952861952863e-05
67000,1.2078,7.845117845117845e-05
67500,1.202,7.828282828282829e-05
68000,1.2095,7.811447811447812e-05
68500,1.2187,7.794612794612795e-05
69000,1.207,7.777777777777778e-05
69500,1.2014,7.760942760942761e-05
70000,1.2037,7.744107744107744e-05
70500,1.1973,7.727272727272727e-05
71000,1.208,7.710437710437712e-05
71500,1.1967,7.693602693602693e-05
72000,1.2159,7.676767676767676e-05
72500,1.2045,7.65993265993266e-05
73000,1.2082,7.643097643097644e-05
73500,1.1993,7.626262626262627e-05
74000,1.209,7.60942760942761e-05
74500,1.1978,7.592592592592593e-05
75000,1.2098,7.575757575757576e-05
75500,1.2101,7.558922558922559e-05
76000,1.2025,7.542087542087543e-05
76500,1.1988,7.525252525252525e-05
77000,1.1969,7.508417508417509e-05
77500,1.2018,7.491582491582492e-05
78000,1.2038,7.474747474747475e-05
78500,1.2032,7.457912457912458e-05
79000,1.2157,7.441077441077443e-05
79500,1.1948,7.424242424242424e-05
80000,1.1932,7.407407407407407e-05
80500,1.2076,7.390572390572392e-05
81000,1.1893,7.373737373737373e-05
81500,1.2019,7.356902356902358e-05
82000,1.2086,7.340067340067341e-05
82500,1.1966,7.323232323232324e-05
83000,1.1987,7.306397306397307e-05
83500,1.203,7.28956228956229e-05
84000,1.2048,7.272727272727273e-05
84500,1.1994,7.255892255892256e-05
85000,1.2027,7.23905723905724e-05
85500,1.1931,7.222222222222222e-05
86000,1.1828,7.205387205387206e-05
86500,1.1964,7.188552188552189e-05
87000,1.1921,7.171717171717171e-05
87500,1.1983,7.154882154882155e-05
88000,1.2011,7.138047138047138e-05
88500,1.2088,7.121212121212121e-05
89000,1.1945,7.104377104377104e-05
89500,1.2024,7.087542087542089e-05
90000,1.1986,7.07070707070707e-05
90500,1.1945,7.053872053872053e-05
91000,1.1973,7.037037037037038e-05
91500,1.1978,7.020202020202021e-05
92000,1.1938,7.003367003367004e-05
92500,1.201,6.986531986531987e-05
93000,1.1992,6.96969696969697e-05
93500,1.1946,6.952861952861953e-05
94000,1.195,6.936026936026936e-05
94500,1.1871,6.91919191919192e-05
95000,1.1947,6.902356902356902e-05
95500,1.1936,6.885521885521886e-05
96000,1.1943,6.86868686868687e-05
96500,1.1945,6.851851851851852e-05
97000,1.1929,6.835016835016835e-05
97500,1.1903,6.818181818181818e-05
98000,1.1997,6.801346801346801e-05
98500,1.1853,6.784511784511784e-05
99000,1.1893,6.767676767676769e-05
99500,1.1908,6.75084175084175e-05
100000,1.1969,6.734006734006735e-05
100500,1.1986,6.717171717171718e-05
101000,1.1914,6.7003367003367e-05
101500,1.1854,6.683501683501684e-05
102000,1.1929,6.666666666666667e-05
102500,1.1845,6.64983164983165e-05
103000,1.1964,6.632996632996633e-05
103500,1.2013,6.616161616161617e-05
104000,1.1897,6.599326599326599e-05
104500,1.1927,6.582491582491582e-05
105000,1.2068,6.565656565656566e-05
105500,1.1862,6.548821548821548e-05
106000,1.1845,6.531986531986533e-05
106500,1.1853,6.515151515151516e-05
107000,1.2021,6.498316498316499e-05
107500,1.1864,6.481481481481482e-05
108000,1.1881,6.464646464646466e-05
108500,1.1889,6.447811447811448e-05
109000,1.1961,6.43097643097643e-05
109500,1.1873,6.414141414141415e-05
110000,1.1967,6.397306397306398e-05
110500,1.1825,6.380471380471381e-05
111000,1.1919,6.363636363636364e-05
111500,1.1838,6.346801346801347e-05
112000,1.176,6.32996632996633e-05
112500,1.181,6.313131313131313e-05
113000,1.1893,6.296296296296296e-05
113500,1.1942,6.279461279461279e-05
114000,1.1969,6.262626262626264e-05
114500,1.1801,6.245791245791247e-05
115000,1.1919,6.22895622895623e-05
115500,1.1831,6.212121212121213e-05
116000,1.1767,6.195286195286196e-05
116500,1.1879,6.178451178451179e-05
117000,1.1874,6.161616161616162e-05
117500,1.191,6.144781144781146e-05
118000,1.1908,6.127946127946128e-05
118500,1.1784,6.111111111111112e-05
119000,1.1825,6.0942760942760944e-05
119500,1.1832,6.0774410774410774e-05
120000,1.1824,6.060606060606061e-05
120500,1.1892,6.0437710437710435e-05
121000,1.1743,6.026936026936028e-05
121500,1.1854,6.01010101010101e-05
122000,1.1917,5.993265993265994e-05
122500,1.186,5.976430976430977e-05
123000,1.185,5.959595959595959e-05
123500,1.1886,5.942760942760943e-05
124000,1.1744,5.925925925925926e-05
124500,1.185,5.90909090909091e-05
125000,1.1834,5.892255892255892e-05
125500,1.1784,5.8754208754208764e-05
126000,1.1926,5.858585858585859e-05
126500,1.1754,5.841750841750842e-05
127000,1.1858,5.8249158249158255e-05
127500,1.1896,5.808080808080808e-05
128000,1.1793,5.7912457912457915e-05
128500,1.1747,5.7744107744107745e-05
129000,1.1912,5.757575757575758e-05
129500,1.1724,5.740740740740741e-05
130000,1.1908,5.7239057239057236e-05
130500,1.1937,5.707070707070707e-05
131000,1.1772,5.69023569023569e-05
131500,1.1769,5.673400673400674e-05
132000,1.1738,5.6565656565656563e-05
132500,1.1707,5.639730639730641e-05
133000,1.1879,5.622895622895623e-05
133500,1.167,5.606060606060606e-05
134000,1.1928,5.58922558922559e-05
134500,1.1764,5.572390572390572e-05
135000,1.174,5.555555555555556e-05
135500,1.1844,5.538720538720539e-05
136000,1.1888,5.5218855218855225e-05
136500,1.1678,5.5050505050505056e-05
137000,1.1838,5.488215488215489e-05
137500,1.1746,5.4713804713804716e-05
138000,1.1828,5.4545454545454546e-05
138500,1.1771,5.437710437710438e-05
139000,1.176,5.420875420875421e-05
139500,1.1801,5.4040404040404044e-05
140000,1.1682,5.3872053872053874e-05
140500,1.1824,5.370370370370371e-05
141000,1.1809,5.353535353535354e-05
141500,1.1757,5.3367003367003364e-05
142000,1.1726,5.31986531986532e-05
142500,1.1776,5.303030303030303e-05
143000,1.174,5.286195286195287e-05
143500,1.1752,5.269360269360269e-05
144000,1.1773,5.2525252525252536e-05
144500,1.1774,5.235690235690236e-05
145000,1.1689,5.218855218855219e-05
145500,1.1769,5.2020202020202026e-05
146000,1.1802,5.185185185185185e-05
146500,1.1763,5.168350168350169e-05
147000,1.1794,5.151515151515152e-05
147500,1.1756,5.1346801346801354e-05
148000,1.1772,5.1178451178451184e-05
148500,1.1746,5.101010101010101e-05
149000,1.1733,5.0841750841750845e-05
149500,1.1735,5.0673400673400675e-05
150000,1.1827,5.050505050505051e-05
150500,1.1729,5.0336700336700335e-05
151000,1.1692,5.016835016835017e-05
151500,1.1759,5e-05
152000,1.1731,4.983164983164983e-05
152500,1.1737,4.966329966329967e-05
153000,1.1787,4.94949494949495e-05
153500,1.1761,4.932659932659932e-05
154000,1.1678,4.915824915824916e-05
154500,1.1671,4.898989898989899e-05
155000,1.1703,4.882154882154882e-05
155500,1.1721,4.865319865319866e-05
156000,1.1701,4.848484848484849e-05
156500,1.1606,4.831649831649832e-05
157000,1.181,4.814814814814815e-05
157500,1.1584,4.797979797979798e-05
158000,1.1698,4.7811447811447815e-05
158500,1.1728,4.7643097643097646e-05
159000,1.1659,4.7474747474747476e-05
159500,1.1817,4.730639730639731e-05
160000,1.1735,4.713804713804714e-05
160500,1.1726,4.696969696969697e-05
161000,1.1813,4.68013468013468e-05
161500,1.1634,4.6632996632996634e-05
162000,1.1711,4.6464646464646464e-05
162500,1.169,4.62962962962963e-05
163000,1.1751,4.612794612794613e-05
163500,1.1694,4.595959595959596e-05
164000,1.1698,4.57912457912458e-05
164500,1.1641,4.562289562289562e-05
165000,1.1709,4.545454545454546e-05
165500,1.1625,4.528619528619529e-05
166000,1.1634,4.511784511784512e-05
166500,1.1787,4.494949494949495e-05
167000,1.1731,4.4781144781144786e-05
167500,1.1701,4.4612794612794616e-05
168000,1.1689,4.4444444444444447e-05
168500,1.1638,4.427609427609428e-05
169000,1.1677,4.410774410774411e-05
169500,1.1719,4.3939393939393944e-05
170000,1.1571,4.3771043771043774e-05
170500,1.1727,4.3602693602693604e-05
171000,1.1651,4.343434343434344e-05
171500,1.1672,4.3265993265993265e-05
172000,1.1624,4.3097643097643095e-05
172500,1.1682,4.292929292929293e-05
173000,1.1726,4.276094276094276e-05
173500,1.1665,4.259259259259259e-05
174000,1.1711,4.242424242424243e-05
174500,1.1761,4.225589225589226e-05
175000,1.1544,4.208754208754209e-05
175500,1.169,4.191919191919192e-05
176000,1.1726,4.175084175084175e-05
176500,1.1574,4.158249158249159e-05
177000,1.1734,4.141414141414142e-05
177500,1.1685,4.124579124579125e-05
178000,1.1689,4.1077441077441085e-05
178500,1.1639,4.0909090909090915e-05
179000,1.1564,4.074074074074074e-05
179500,1.1574,4.0572390572390575e-05
180000,1.1722,4.0404040404040405e-05
180500,1.1625,4.0235690235690236e-05
181000,1.1599,4.006734006734007e-05
181500,1.1749,3.98989898989899e-05
182000,1.1573,3.973063973063973e-05
182500,1.1646,3.956228956228956e-05
183000,1.1688,3.939393939393939e-05
183500,1.1611,3.9225589225589224e-05
184000,1.1628,3.905723905723906e-05
184500,1.152,3.888888888888889e-05
185000,1.1698,3.872053872053872e-05
185500,1.1549,3.855218855218856e-05
186000,1.1666,3.838383838383838e-05
186500,1.1702,3.821548821548822e-05
187000,1.1611,3.804713804713805e-05
187500,1.1551,3.787878787878788e-05
188000,1.1626,3.7710437710437716e-05
188500,1.161,3.7542087542087546e-05
189000,1.1592,3.7373737373737376e-05
189500,1.1632,3.720538720538721e-05
190000,1.155,3.7037037037037037e-05
190500,1.1583,3.686868686868687e-05
191000,1.1636,3.6700336700336704e-05
191500,1.1518,3.6531986531986534e-05
192000,1.1662,3.6363636363636364e-05
192500,1.1562,3.61952861952862e-05
193000,1.1559,3.602693602693603e-05
193500,1.159,3.5858585858585855e-05
194000,1.1469,3.569023569023569e-05
194500,1.1606,3.552188552188552e-05
195000,1.1564,3.535353535353535e-05
195500,1.1508,3.518518518518519e-05
196000,1.167,3.501683501683502e-05
196500,1.1492,3.484848484848485e-05
197000,1.1625,3.468013468013468e-05
197500,1.1542,3.451178451178451e-05
198000,1.149,3.434343434343435e-05
198500,1.1621,3.417508417508418e-05
199000,1.1473,3.400673400673401e-05
199500,1.1504,3.3838383838383844e-05
200000,1.1544,3.3670033670033675e-05
200500,1.1612,3.35016835016835e-05
201000,1.1548,3.3333333333333335e-05
201500,1.1479,3.3164983164983165e-05
202000,1.1579,3.2996632996632995e-05
202500,1.1501,3.282828282828283e-05
203000,1.146,3.265993265993266e-05
203500,1.1482,3.249158249158249e-05
204000,1.1559,3.232323232323233e-05
204500,1.1396,3.215488215488215e-05
205000,1.154,3.198653198653199e-05
205500,1.1481,3.181818181818182e-05
206000,1.1486,3.164983164983165e-05
206500,1.1478,3.148148148148148e-05
207000,1.1512,3.131313131313132e-05
207500,1.1448,3.114478114478115e-05
208000,1.1569,3.097643097643098e-05
208500,1.154,3.080808080808081e-05
209000,1.1511,3.063973063973064e-05
209500,1.148,3.0471380471380472e-05
210000,1.147,3.0303030303030306e-05
210500,1.1467,3.013468013468014e-05
211000,1.1433,2.996632996632997e-05
211500,1.1568,2.9797979797979796e-05
212000,1.1435,2.962962962962963e-05
212500,1.1469,2.946127946127946e-05
213000,1.1518,2.9292929292929294e-05
213500,1.1501,2.9124579124579127e-05
214000,1.1435,2.8956228956228958e-05
214500,1.138,2.878787878787879e-05
215000,1.1645,2.8619528619528618e-05
215500,1.148,2.845117845117845e-05
216000,1.1499,2.8282828282828282e-05
216500,1.1454,2.8114478114478115e-05
217000,1.1532,2.794612794612795e-05
217500,1.144,2.777777777777778e-05
218000,1.137,2.7609427609427613e-05
218500,1.144,2.7441077441077446e-05
219000,1.1425,2.7272727272727273e-05
219500,1.1348,2.7104377104377103e-05
220000,1.1488,2.6936026936026937e-05
220500,1.1509,2.676767676767677e-05
221000,1.1518,2.65993265993266e-05
221500,1.1477,2.6430976430976434e-05
222000,1.1327,2.6262626262626268e-05
222500,1.143,2.6094276094276095e-05
223000,1.1476,2.5925925925925925e-05
223500,1.1375,2.575757575757576e-05
224000,1.1445,2.5589225589225592e-05
224500,1.1182,2.5420875420875422e-05
225000,1.1424,2.5252525252525256e-05
225500,1.1379,2.5084175084175086e-05
226000,1.1368,2.4915824915824916e-05
226500,1.1445,2.474747474747475e-05
227000,1.1528,2.457912457912458e-05
227500,1.1381,2.441077441077441e-05
228000,1.1309,2.4242424242424244e-05
228500,1.1428,2.4074074074074074e-05
229000,1.1351,2.3905723905723908e-05
229500,1.1404,2.3737373737373738e-05
230000,1.14,2.356902356902357e-05
230500,1.1422,2.34006734006734e-05
231000,1.1389,2.3232323232323232e-05
231500,1.1328,2.3063973063973065e-05
232000,1.1353,2.28956228956229e-05
232500,1.145,2.272727272727273e-05
233000,1.1272,2.255892255892256e-05
233500,1.14,2.2390572390572393e-05
234000,1.1469,2.2222222222222223e-05
234500,1.1239,2.2053872053872053e-05
235000,1.1345,2.1885521885521887e-05
235500,1.1234,2.171717171717172e-05
236000,1.1393,2.1548821548821547e-05
236500,1.1425,2.138047138047138e-05
237000,1.1296,2.1212121212121215e-05
237500,1.1386,2.1043771043771045e-05
238000,1.1303,2.0875420875420875e-05
238500,1.1245,2.070707070707071e-05
239000,1.1402,2.0538720538720542e-05
239500,1.1373,2.037037037037037e-05
240000,1.1299,2.0202020202020203e-05
240500,1.1255,2.0033670033670036e-05
241000,1.1319,1.9865319865319866e-05
241500,1.1451,1.9696969696969697e-05
242000,1.13,1.952861952861953e-05
242500,1.1267,1.936026936026936e-05
243000,1.1325,1.919191919191919e-05
243500,1.1376,1.9023569023569024e-05
244000,1.1261,1.8855218855218858e-05
244500,1.1447,1.8686868686868688e-05
245000,1.1273,1.8518518518518518e-05
245500,1.1109,1.8350168350168352e-05
246000,1.1333,1.8181818181818182e-05
246500,1.127,1.8013468013468016e-05
247000,1.1292,1.7845117845117846e-05
247500,1.126,1.7676767676767676e-05
248000,1.12,1.750841750841751e-05
248500,1.1259,1.734006734006734e-05
249000,1.1222,1.7171717171717173e-05
249500,1.1254,1.7003367003367004e-05
250000,1.1313,1.6835016835016837e-05
250500,1.1229,1.6666666666666667e-05
251000,1.1274,1.6498316498316498e-05
251500,1.1269,1.632996632996633e-05
252000,1.1326,1.6161616161616165e-05
252500,1.1229,1.5993265993265995e-05
253000,1.1135,1.5824915824915825e-05
253500,1.1324,1.565656565656566e-05
254000,1.1268,1.548821548821549e-05
254500,1.1156,1.531986531986532e-05
255000,1.1252,1.5151515151515153e-05
255500,1.119,1.4983164983164985e-05
256000,1.1195,1.4814814814814815e-05
256500,1.1252,1.4646464646464647e-05
257000,1.1201,1.4478114478114479e-05
257500,1.1195,1.4309764309764309e-05
258000,1.124,1.4141414141414141e-05
258500,1.1117,1.3973063973063974e-05
259000,1.1199,1.3804713804713806e-05
259500,1.1159,1.3636363636363637e-05
260000,1.1197,1.3468013468013468e-05
260500,1.129,1.32996632996633e-05
261000,1.1028,1.3131313131313134e-05
261500,1.1123,1.2962962962962962e-05
262000,1.1221,1.2794612794612796e-05
262500,1.1172,1.2626262626262628e-05
263000,1.1141,1.2457912457912458e-05
263500,1.1142,1.228956228956229e-05
264000,1.111,1.2121212121212122e-05
264500,1.1276,1.1952861952861954e-05
265000,1.1205,1.1784511784511786e-05
265500,1.113,1.1616161616161616e-05
266000,1.1177,1.144781144781145e-05
266500,1.1127,1.127946127946128e-05
267000,1.1221,1.1111111111111112e-05
267500,1.1116,1.0942760942760944e-05
268000,1.1306,1.0774410774410774e-05
268500,1.1054,1.0606060606060607e-05
269000,1.1115,1.0437710437710438e-05
269500,1.1087,1.0269360269360271e-05
270000,1.121,1.0101010101010101e-05
270500,1.1036,9.932659932659933e-06
271000,1.1113,9.764309764309765e-06
271500,1.1,9.595959595959595e-06
272000,1.1152,9.427609427609429e-06
272500,1.1138,9.259259259259259e-06
273000,1.1097,9.090909090909091e-06
273500,1.1194,8.922558922558923e-06
274000,1.1165,8.754208754208755e-06
274500,1.111,8.585858585858587e-06
275000,1.1221,8.417508417508419e-06
275500,1.1041,8.249158249158249e-06
276000,1.1171,8.080808080808082e-06
276500,1.1094,7.912457912457913e-06
277000,1.1133,7.744107744107745e-06
277500,1.104,7.5757575757575764e-06
278000,1.1045,7.4074074074074075e-06
278500,1.1037,7.239057239057239e-06
279000,1.1096,7.0707070707070704e-06
279500,1.1072,6.902356902356903e-06
280000,1.1195,6.734006734006734e-06
280500,1.1057,6.565656565656567e-06
281000,1.108,6.397306397306398e-06
281500,1.1008,6.228956228956229e-06
282000,1.1067,6.060606060606061e-06
282500,1.1044,5.892255892255893e-06
283000,1.1024,5.723905723905725e-06
283500,1.1032,5.555555555555556e-06
284000,1.1131,5.387205387205387e-06
284500,1.0991,5.218855218855219e-06
285000,1.1062,5.050505050505051e-06
285500,1.0962,4.8821548821548826e-06
286000,1.103,4.7138047138047145e-06
286500,1.106,4.5454545454545455e-06
287000,1.1067,4.377104377104377e-06
287500,1.0947,4.208754208754209e-06
288000,1.0979,4.040404040404041e-06
288500,1.1074,3.872053872053872e-06
289000,1.0965,3.7037037037037037e-06
289500,1.1009,3.5353535353535352e-06
290000,1.1103,3.367003367003367e-06
290500,1.1008,3.198653198653199e-06
291000,1.1089,3.0303030303030305e-06
291500,1.0879,2.8619528619528624e-06
292000,1.0935,2.6936026936026934e-06
292500,1.0982,2.5252525252525253e-06
293000,1.1057,2.3569023569023572e-06
293500,1.0917,2.1885521885521887e-06
294000,1.1125,2.0202020202020206e-06
294500,1.0912,1.8518518518518519e-06
295000,1.0968,1.6835016835016836e-06
295500,1.1107,1.5151515151515152e-06
296000,1.0959,1.3468013468013467e-06
296500,1.0938,1.1784511784511786e-06
297000,1.1017,1.0101010101010103e-06
297500,1.0939,8.417508417508418e-07
298000,1.0907,6.734006734006734e-07
298500,1.1052,5.050505050505052e-07
299000,1.0961,3.367003367003367e-07
299500,1.0934,1.6835016835016834e-07
300000,1.0925,0.0
300000,1.1802300891673565,None
